Carlota McArthur,Zefat
Sondra Lemmertz,Jerusalem
Maribelle Vicar,Tiberias
Selene Avieson,Haifa
Rikki Targetter,Beer Sheva
Whitman Creaney,Haifa
Quentin Hutson,Beer Sheva
Darcey Hayden,Zefat
Arte Cordery,Tiberias
Bianka O'Lagen,Tiberias
Janette Relph,Jerusalem
Dare Nannoni,Tel Aviv
Derrik Scutchin,Tiberias
Stephani Blooman,Beer Sheva
Garold Drust,Haifa
Noland Keitch,Jerusalem
Care Howison,Jerusalem
Ed Gownge,Tel Aviv
Seamus Chevers,Haifa
Neall Jessard,Tiberias
Martie Gianinotti,Haifa
Wolfie Gerrey,Jerusalem
Siobhan McElree,Zefat
Hortensia Ghio,Tiberias
Rosmunda Ritelli,Haifa
Remington Kilgrove,Jerusalem
Tracey Pfleger,Zefat
Baron Offill,Haifa
Fraser Ottey,Jerusalem
Lisette Peters,Haifa
Seamus Wison,Zefat
Karrah Maulden,Tel Aviv
Noble Colbourn,Jerusalem
Armin Wibrow,Haifa
Lindsey Lorand,Zefat
Colleen Mendoza,Zefat
Dru Fley,Tiberias
Linus Toghill,Beer Sheva
Brandais Sorsby,Beer Sheva
Urbano Scala,Tel Aviv
Brita Barti,Jerusalem
Elisa Stendall,Haifa
Lemmy Karpfen,Tiberias
Nataline Scutt,Zefat
Tamera Harvard,Zefat
Lonni Hodgin,Tiberias
Heindrick Fishenden,Haifa
Simmonds Purviss,Jerusalem
Wilbur Asquith,Tiberias
Ranna Gile,Jerusalem
Evvy Paolillo,Jerusalem
Hilario Babidge,Zefat
Bradly Brimfield,Zefat
Paulie Bate,Jerusalem
Neale Kix,Jerusalem
Ezmeralda McGillicuddy,Beer Sheva
Hamlen Sparke,Beer Sheva
Ramona Busch,Zefat
Justine Petrelli,Zefat
Marcelia Larraway,Tiberias
Hercule Dmitrievski,Tel Aviv
Leslie Novak,Jerusalem
Daniella Newdick,Haifa
Ines Treadway,Beer Sheva
Arlinda Folli,Zefat
Austine Canas,Jerusalem
Emery Tadlow,Zefat
Rakel Stollberg,Tiberias
Clemens Roxbrough,Jerusalem
Emmanuel Fenn,Tel Aviv
